{
  "main":
  [
    {"type":"json","key":"enemies","url":"data/enemies.json"},

    {"type": "image","key": "titlepage","url": "images/menu.jpg"},
    {"type": "image","key": "logo","url": "images/logo.png"},
    {"type": "image","key": "dead","url": "images/dead.png"},
    {"type": "image","key": "combatTiles","url": "images/combatTiles.png"},
    {"type": "image","key": "panorama","url": "images/panorama.jpg"},
    {"type": "image","key": "outsideTiles","url": "images/outside.png"},
    {"type": "image","key": "healthBar","url": "images/healthBar.png"},
    {"type": "image","key": "manaBar","url": "images/manaBar.png"},
    {"type": "image","key": "window","url": "images/window.png"},
    {"type": "image","key": "clicker","url": "images/clicker.png"},
    {"type": "image","key": "selector","url": "images/selector.png"},

    {"type": "image","key": "bullet1","url": "images/bullet1.png"},
    {"type": "image","key": "bullet2","url": "images/bullet2.png"},
    {"type": "image","key": "bullet3","url": "images/bullet3.png"},
    {"type": "image","key": "bullet4","url": "images/bullet4.png"},
    {"type": "image","key": "bullet5","url": "images/bullet5.png"},
    {"type": "image","key": "bullet6","url": "images/bullet6.png"},
    {"type": "image","key": "bullet7","url": "images/bullet7.png"},

    {"type": "image","key": "blood1","url": "images/blood1.png"},
    {"type": "image","key": "blood2","url": "images/blood2.png"},

    {"type": "image","key": "phm_normal","url": "chips/phm_normal.png"},
    {"type": "image","key": "phm_angry","url": "chips/phm_angry.png"},
    {"type": "image","key": "aini_noHat","url": "chips/aini_noHat.png"},
    {"type": "image","key": "aini_normal","url": "chips/aini_normal.png"},
    {"type": "image","key": "aini_angry","url": "chips/aini_angry.png"},

    {
      "type": "spritesheet","key": "fogle","url": "images/fogle.png",
      "frameWidth": 32,"frameHeight": 48
    },
    {
      "type": "spritesheet","key": "aini","url": "images/aini.png",
      "frameWidth": 32,"frameHeight": 48
    },
    {
      "type": "spritesheet","key": "purple","url": "images/purple.png",
      "frameWidth": 32,"frameHeight": 48
    },
    {
      "type": "spritesheet","key": "trogMother","url": "images/dude.png",
      "frameWidth": 32,"frameHeight": 48
    },
    {
      "type": "spritesheet","key": "trog","url": "images/trog.png",
      "frameWidth": 24,"frameHeight": 24
    },
    {
      "type": "spritesheet","key": "burrower","url": "images/burrower.png",
      "frameWidth": 12,"frameHeight": 24
    },
    {
      "type": "spritesheet","key": "god","url": "images/god.png",
      "frameWidth": 200,"frameHeight": 200
    },
    {
      "type": "spritesheet","key": "chad","url": "images/chad.png",
      "frameWidth": 24,"frameHeight": 48
    },
    {
      "type": "spritesheet","key": "robot","url": "images/robot.png",
      "frameWidth": 32,"frameHeight": 64
    },

    {
        "type": "tilemap","key": "map1","url": "maps/map1.json","data": null,
        "format": "TILED_JSON"
    },
    {
        "type": "tilemap","key": "map2","url": "maps/map2.json","data": null,
        "format": "TILED_JSON"
    },
    {
        "type": "tilemap","key": "bongo","url": "maps/bongo.json","data": null,
        "format": "TILED_JSON"
    },
    {
        "type": "tilemap","key": "par","url": "maps/par.json","data": null,
        "format": "TILED_JSON"
    },

    {
      "type": "audio","key": "shot","urls":["audio/shot.wav"],
      "autoDecode": true
    },
    {
      "type": "audio","key": "bang","urls":["audio/bang.wav"],
      "autoDecode": true
    },
    {
      "type": "audio","key": "throw","urls":["audio/throw.wav"],
      "autoDecode": true
    },
    {
      "type": "audio","key": "trogDeath","urls":["audio/trogDeath.wav"],
      "autoDecode": true
    },

    {
      "type": "audio","key": "music","urls":["audio/music.ogg"],
      "autoDecode": true
    },
    {
      "type": "audio","key": "menuMusic","urls":["audio/menuMusic.ogg"],
      "autoDecode": true
    }
  ]
}
